  Yr, Mn,    Date,      Date,     CO2,seasonally,        fit,  seasonally,      CO2, seasonally
1958,1,21200,1958.0411,-99.99,-99.99,-99.99,-99.99,-99.99,-99.99
1958,2,21231,1958.126,-99.99,-99.99,-99.99,-99.99,-99.99,-99.99
1958,3,21259,1958.2027,315.71,314.43,316.2,314.91,315.71,314.43
1958,4,21290,1958.2877,317.45,315.16,317.3,314.99,317.45,315.16
1958,5,21320,1958.3699,317.51,314.71,317.87,315.07,317.51,314.71
1958,6,21351,1958.4548,-99.99,-99.99,317.25,315.15,317.25,315.15
1958,7,21381,1958.537,315.86,315.2,315.86,315.22,315.86,315.2
1958,8,21412,1958.6219,314.93,316.2,313.98,315.29,314.93,316.2
1958,9,21443,1958.7068,313.21,316.09,312.46,315.35,313.21,316.09
1958,10,21473,1958.789,-99.99,-99.99,312.44,315.41,312.44,315.41
1958,11,21504,1958.874,313.33,315.2,313.61,315.46,313.33,315.2
1958,12,21534,1958.9562,314.67,315.43,314.77,315.52,314.67,315.43
1959,1,21565,1959.0411,315.58,315.53,315.64,315.57,315.58,315.53
1959,2,21596,1959.126,316.49,315.85,316.28,315.64,316.49,315.85
1959,3,21624,1959.2027,316.65,315.37,316.99,315.7,316.65,315.37
1959,4,21655,1959.2877,317.72,315.42,318.09,315.77,317.72,315.42
1959,5,21685,1959.3699,318.29,315.48,318.66,315.85,318.29,315.48
1959,6,21716,1959.4548,318.15,316.02,318.05,315.94,318.15,316.02
1959,7,21746,1959.537,316.54,315.87,316.67,316.03,316.54,315.87
1959,8,21777,1959.6219,314.8,316.08,314.81,316.13,314.8,316.08
1959,9,21808,1959.7068,313.84,316.73,313.31,316.22,313.84,316.73
1959,10,21838,1959.789,313.34,316.32,313.33,316.31,313.34,316.32
1959,11,21869,1959.874,314.81,316.69,314.54,316.4,314.81,316.69
1959,12,21899,1959.9562,315.58,316.35,315.72,316.48,315.58,316.35
1960,1,21930,1960.041,316.43,316.38,316.62,316.56,316.43,316.38
1960,2,21961,1960.1257,316.98,316.34,317.29,316.64,316.98,316.34
1960,3,21990,1960.2049,317.58,316.27,318.04,316.72,317.58,316.27
1960,4,22021,1960.2896,319.03,316.7,319.15,316.8,319.03,316.7
1960,5,22051,1960.3716,320.04,317.22,319.68,316.87,320.04,317.22
1960,6,22082,1960.4563,319.59,317.47,319.02,316.93,319.59,317.47
1960,7,22112,1960.5383,318.18,317.53,317.59,316.98,318.18,317.53
1960,8,22143,1960.623,315.9,317.21,315.67,317.02,315.9,317.21
1960,9,22174,1960.7077,314.17,317.08,314.12,317.05,314.17,317.08
1960,10,22204,1960.7896,313.83,316.83,314.09,317.08,313.83,316.83
1960,11,22235,1960.8743,315,316.88,315.25,317.11,315,316.88
1960,12,22265,1960.9563,316.19,316.96,316.4,317.15,316.19,316.96
1961,1,22296,1961.0411,316.89,316.84,317.27,317.2,316.89,316.84
1961,2,22327,1961.126,317.7,317.06,317.92,317.27,317.7,317.06
1961,3,22355,1961.2027,318.54,317.25,318.64,317.34,318.54,317.25
1961,4,22386,1961.2877,319.48,317.16,319.75,317.42,319.48,317.16
1961,5,22416,1961.3699,320.58,317.75,320.33,317.5,320.58,317.75
1961,6,22447,1961.4548,319.77,317.63,319.72,317.59,319.77,317.63
1961,7,22477,1961.537,318.56,317.89,318.32,317.68,318.56,317.89
1961,8,22508,1961.6219,316.79,318.08,316.45,317.77,316.79,318.08
1961,9,22539,1961.7068,314.99,317.9,314.92,317.85,314.99,317.9
1961,10,22569,1961.789,315.31,318.32,314.93,317.92,315.31,318.32
1961,11,22600,1961.874,316.1,317.99,316.12,317.99,316.1,317.99
1961,12,22630,1961.9562,317.01,317.78,317.3,318.06,317.01,317.78
1962,1,22661,1962.0411,317.94,317.89,318.19,318.13,317.94,317.89
1962,2,22692,1962.126,318.55,317.9,318.85,318.2,318.55,317.9
1962,3,22720,1962.2027,319.68,318.39,319.56,318.26,319.68,318.39
1962,4,22751,1962.2877,320.57,318.24,320.67,318.33,320.57,318.24
1962,5,22781,1962.3699,321.02,318.18,321.23,318.39,321.02,318.18
1962,6,22812,1962.4548,320.62,318.47,320.58,318.45,320.62,318.47
1962,7,22842,1962.537,319.61,318.94,319.15,318.51,319.61,318.94
1962,8,22873,1962.6219,317.4,318.7,317.23,318.56,317.4,318.7
1962,9,22904,1962.7068,316.24,319.17,315.67,318.6,316.24,319.17
1962,10,22934,1962.789,315.42,318.44,315.63,318.64,315.42,318.44
1962,11,22965,1962.874,316.69,318.59,316.81,318.68,316.69,318.59
1962,12,22995,1962.9562,317.7,318.48,317.96,318.72,317.7,318.48
1963,1,23026,1963.0411,318.74,318.69,318.83,318.76,318.74,318.69
1963,2,23057,1963.126,319.07,318.42,319.47,318.81,319.07,318.42
1963,3,23085,1963.2027,319.86,318.56,320.17,318.86,319.86,318.56
1963,4,23116,1963.2877,321.38,319.05,321.26,318.91,321.38,319.05
1963,5,23146,1963.3699,322.25,319.4,321.81,318.97,322.25,319.4
1963,6,23177,1963.4548,321.48,319.32,321.15,319.02,321.48,319.32
1963,7,23207,1963.537,319.74,319.06,319.71,319.06,319.74,319.06
1963,8,23238,1963.6219,317.77,319.06,317.77,319.1,317.77,319.06
1963,9,23269,1963.7068,316.21,319.14,316.2,319.15,316.21,319.14
1963,10,23299,1963.789,315.99,319.02,316.17,319.19,315.99,319.02
1963,11,23330,1963.874,317.07,318.97,317.35,319.23,317.07,318.97
1963,12,23360,1963.9562,318.35,319.13,318.51,319.28,318.35,319.13
1964,1,23391,1964.041,319.57,319.52,319.38,319.32,319.57,319.52
1964,2,23422,1964.1257,-99.99,-99.99,320.03,319.37,320.03,319.37
1964,3,23451,1964.2049,-99.99,-99.99,320.75,319.41,320.75,319.41
1964,4,23482,1964.2896,-99.99,-99.99,321.84,319.45,321.84,319.45
1964,5,23512,1964.3716,322.25,319.4,322.35,319.49,322.25,319.4
1964,6,23543,1964.4563,321.89,319.75,321.65,319.53,321.89,319.75
1964,7,23573,1964.5383,320.44,319.79,320.18,319.56,320.44,319.79
1964,8,23604,1964.623,318.69,320.02,318.22,319.59,318.69,320.02
1964,9,23635,1964.7077,316.71,319.66,316.64,319.61,316.71,319.66
1964,10,23665,1964.7896,316.87,319.91,316.6,319.62,316.87,319.91
1964,11,23696,1964.8743,317.68,319.58,317.76,319.64,317.68,319.58
1964,12,23726,1964.9563,318.71,319.49,318.89,319.66,318.71,319.49
1965,1,23757,1965.0411,319.44,319.39,319.75,319.69,319.44,319.39
1965,2,23788,1965.126,320.44,319.79,320.39,319.73,320.44,319.79
1965,3,23816,1965.2027,320.89,319.59,321.09,319.77,320.89,319.59
1965,4,23847,1965.2877,322.14,319.78,322.2,319.84,322.14,319.78
1965,5,23877,1965.3699,322.17,319.3,322.78,319.91,322.17,319.3
1965,6,23908,1965.4548,321.87,319.7,322.16,320,321.87,319.7
1965,7,23938,1965.537,321.21,320.53,320.76,320.1,321.21,320.53
1965,8,23969,1965.6219,318.87,320.17,318.87,320.21,318.87,320.17
1965,9,24000,1965.7068,317.82,320.77,317.36,320.33,317.82,320.77
1965,10,24030,1965.789,317.3,320.35,317.4,320.44,317.3,320.35
1965,11,24061,1965.874,318.87,320.78,318.66,320.55,318.87,320.78
1965,12,24091,1965.9562,319.42,320.2,319.9,320.67,319.42,320.2
1966,1,24122,1966.0411,320.62,320.57,320.85,320.79,320.62,320.57
1966,2,24153,1966.126,321.6,320.94,321.57,320.91,321.6,320.94
1966,3,24181,1966.2027,322.39,321.08,322.34,321.01,322.39,321.08
1966,4,24212,1966.2877,323.7,321.34,323.5,321.12,323.7,321.34
1966,5,24242,1966.3699,324.08,321.2,324.1,321.23,324.08,321.2
1966,6,24273,1966.4548,323.75,321.57,323.48,321.32,323.75,321.57
1966,7,24303,1966.537,322.38,321.69,322.06,321.41,322.38,321.69
1966,8,24334,1966.6219,320.36,321.67,320.14,321.49,320.36,321.67
1966,9,24365,1966.7068,318.64,321.6,318.58,321.56,318.64,321.6
1966,10,24395,1966.789,318.1,321.17,318.57,321.62,318.1,321.17
1966,11,24426,1966.874,319.78,321.71,319.78,321.69,319.78,321.71
1966,12,24456,1966.9562,321.02,321.81,320.97,321.75,321.02,321.81
1967,1,24487,1967.0411,322.33,322.28,321.87,321.8,322.33,322.28
1967,2,24518,1967.126,322.5,321.84,322.52,321.86,322.5,321.84
1967,3,24546,1967.2027,323.03,321.72,323.24,321.91,323.03,321.72
1967,4,24577,1967.2877,324.42,322.05,324.35,321.96,324.42,322.05
1967,5,24607,1967.3699,325,322.11,324.91,322.02,325,322.11
1967,6,24638,1967.4548,324.09,321.91,324.25,322.08,324.09,321.91
1967,7,24668,1967.537,322.54,321.86,322.8,322.14,322.54,321.86
1967,8,24699,1967.6219,320.92,322.23,320.86,322.21,320.92,322.23
1967,9,24730,1967.7068,319.25,322.23,319.29,322.28,319.25,322.23
1967,10,24760,1967.789,319.39,322.46,319.29,322.35,319.39,322.46
1967,11,24791,1967.874,320.72,322.65,320.51,322.42,320.72,322.65
1967,12,24821,1967.9562,321.96,322.75,321.72,322.5,321.96,322.75
1968,1,24852,1968.041,322.57,322.52,322.64,322.57,322.57,322.52
1968,2,24883,1968.1257,323.15,322.49,323.32,322.65,323.15,322.49
1968,3,24912,1968.2049,323.89,322.55,324.09,322.74,323.89,322.55
1968,4,24943,1968.2896,325.02,322.62,325.24,322.83,325.02,322.62
1968,5,24973,1968.3716,325.57,322.67,325.82,322.93,325.57,322.67
1968,6,25004,1968.4563,325.36,323.19,325.19,323.03,325.36,323.19
1968,7,25034,1968.5383,324.14,323.48,323.77,323.14,324.14,323.48
1968,8,25065,1968.623,322.11,323.45,321.88,323.26,322.11,323.45
1968,9,25096,1968.7077,320.33,323.32,320.37,323.37,320.33,323.32
1968,10,25126,1968.7896,320.25,323.33,320.43,323.49,320.25,323.33
1968,11,25157,1968.8743,321.32,323.25,321.71,323.62,321.32,323.25
1968,12,25187,1968.9563,322.89,323.68,322.97,323.75,322.89,323.68
1969,1,25218,1969.0411,324,323.95,323.95,323.89,324,323.95
1969,2,25249,1969.126,324.41,323.75,324.7,324.03,324.41,323.75
1969,3,25277,1969.2027,325.63,324.31,325.5,324.16,325.63,324.31
1969,4,25308,1969.2877,326.66,324.28,326.71,324.31,326.66,324.28
1969,5,25338,1969.3699,327.38,324.48,327.35,324.44,327.38,324.48
1969,6,25369,1969.4548,326.71,324.51,326.76,324.57,326.71,324.51
1969,7,25399,1969.537,325.88,325.19,325.35,324.69,325.88,325.19
1969,8,25430,1969.6219,323.66,324.99,323.45,324.81,323.66,324.99
1969,9,25461,1969.7068,322.38,325.37,321.9,324.91,322.38,325.37
1969,10,25491,1969.789,321.78,324.88,321.91,325,321.78,324.88
1969,11,25522,1969.874,322.85,324.8,323.16,325.08,322.85,324.8
1969,12,25552,1969.9562,324.11,324.91,324.38,325.16,324.11,324.91
1970,1,25583,1970.0411,325.06,325.01,325.31,325.24,325.06,325.01
1970,2,25614,1970.126,325.98,325.32,326,325.33,325.98,325.32
1970,3,25642,1970.2027,326.93,325.6,326.74,325.4,326.93,325.6
1970,4,25673,1970.2877,328.13,325.74,327.89,325.48,328.13,325.74
1970,5,25703,1970.3699,328.08,325.16,328.47,325.56,328.08,325.16
1970,6,25734,1970.4548,327.67,325.46,327.82,325.63,327.67,325.46
1970,7,25764,1970.537,326.34,325.65,326.37,325.71,326.34,325.65
1970,8,25795,1970.6219,324.68,326.01,324.41,325.77,324.68,326.01
1970,9,25826,1970.7068,323.1,326.1,322.82,325.84,323.1,326.1
1970,10,25856,1970.789,323.07,326.17,322.8,325.89,323.07,326.17
1970,11,25887,1970.874,324.01,325.96,324,325.93,324.01,325.96
1970,12,25917,1970.9562,325.13,325.93,325.19,325.97,325.13,325.93
1971,1,25948,1971.0411,326.17,326.12,326.07,326.01,326.17,326.12
1971,2,25979,1971.126,326.68,326.02,326.72,326.05,326.68,326.02
1971,3,26007,1971.2027,327.18,325.84,327.43,326.09,327.18,325.84
1971,4,26038,1971.2877,327.79,325.38,328.56,326.14,327.79,325.38
1971,5,26068,1971.3699,328.93,326,329.12,326.2,328.93,326
1971,6,26099,1971.4548,328.57,326.36,328.46,326.27,328.57,326.36
1971,7,26129,1971.537,327.36,326.66,327,326.33,327.36,326.66
1971,8,26160,1971.6219,325.43,326.76,325.04,326.41,325.43,326.76
1971,9,26191,1971.7068,323.36,326.38,323.45,326.48,323.36,326.38
1971,10,26221,1971.789,323.56,326.68,323.45,326.55,323.56,326.68
1971,11,26252,1971.874,324.8,326.75,324.69,326.62,324.8,326.75
1971,12,26282,1971.9562,326.01,326.81,325.92,326.7,326.01,326.81
1972,1,26313,1972.041,326.77,326.72,326.85,326.79,326.77,326.72
1972,2,26344,1972.1257,327.63,326.97,327.56,326.88,327.63,326.97
1972,3,26373,1972.2049,327.75,326.39,328.36,326.98,327.75,326.39
1972,4,26404,1972.2896,329.72,327.29,329.55,327.1,329.72,327.29
1972,5,26434,1972.3716,330.07,327.13,330.17,327.23,330.07,327.13
1972,6,26465,1972.4563,329.09,326.88,329.56,327.38,329.09,326.88
1972,7,26495,1972.5383,328.04,327.37,328.18,327.54,328.04,327.37
1972,8,26526,1972.623,326.32,327.69,326.33,327.72,326.32,327.69
1972,9,26557,1972.7077,324.84,327.87,324.87,327.92,324.84,327.87
1972,10,26587,1972.7896,325.2,328.32,325,328.11,325.2,328.32
1972,11,26618,1972.8743,326.5,328.46,326.38,328.31,326.5,328.46
1972,12,26648,1972.9563,327.55,328.36,327.73,328.51,327.55,328.36
1973,1,26679,1973.0411,328.55,328.5,328.79,328.72,328.55,328.5
1973,2,26710,1973.126,329.56,328.9,329.61,328.93,329.56,328.9
1973,3,26738,1973.2027,330.3,328.96,330.47,329.11,330.3,328.96
1973,4,26769,1973.2877,331.5,329.09,331.74,329.31,331.5,329.09
1973,5,26799,1973.3699,332.48,329.53,332.43,329.48,332.48,329.53
1973,6,26830,1973.4548,332.07,329.84,331.85,329.64,332.07,329.84
1973,7,26860,1973.537,330.87,330.17,330.44,329.77,330.87,330.17
1973,8,26891,1973.6219,329.31,330.65,328.51,329.88,329.31,330.65
1973,9,26922,1973.7068,327.52,330.55,326.91,329.96,327.52,330.55
1973,10,26952,1973.789,327.19,330.32,326.89,330.02,327.19,330.32
1973,11,26983,1973.874,328.16,330.13,328.1,330.05,328.16,330.13
1973,12,27013,1973.9562,328.65,329.45,329.29,330.08,328.65,329.45
1974,1,27044,1974.0411,329.36,329.31,330.16,330.1,329.36,329.31
1974,2,27075,1974.126,330.71,330.04,330.81,330.13,330.71,330.04
1974,3,27103,1974.2027,331.49,330.14,331.51,330.15,331.49,330.14
1974,4,27134,1974.2877,332.65,330.23,332.63,330.19,332.65,330.23
1974,5,27164,1974.3699,333.1,330.14,333.19,330.23,333.1,330.14
1974,6,27195,1974.4548,332.26,330.02,332.49,330.27,332.26,330.02
1974,7,27225,1974.537,331.18,330.48,330.99,330.32,331.18,330.48
1974,8,27256,1974.6219,329.4,330.75,328.99,330.37,329.4,330.75
1974,9,27287,1974.7068,327.44,330.49,327.36,330.42,327.44,330.49
1974,10,27317,1974.789,327.38,330.53,327.34,330.48,327.38,330.53
1974,11,27348,1974.874,328.46,330.44,328.58,330.53,328.46,330.44
1974,12,27378,1974.9562,329.58,330.39,329.8,330.59,329.58,330.39
1975,1,27409,1975.0411,330.41,330.36,330.73,330.67,330.41,330.36
1975,2,27440,1975.126,331.41,330.74,331.43,330.75,331.41,330.74
1975,3,27468,1975.2027,332.05,330.7,332.19,330.83,332.05,330.7
1975,4,27499,1975.2877,333.32,330.88,333.37,330.92,333.32,330.88
1975,5,27529,1975.3699,333.98,331.01,333.98,331.02,333.98,331.01
1975,6,27560,1975.4548,333.61,331.37,333.34,331.12,333.61,331.37
1975,7,27590,1975.537,331.91,331.21,331.89,331.21,331.91,331.21
1975,8,27621,1975.6219,330.06,331.42,329.92,331.31,330.06,331.42
1975,9,27652,1975.7068,328.56,331.62,328.33,331.4,328.56,331.62
1975,10,27682,1975.789,328.35,331.51,328.34,331.48,328.35,331.51
1975,11,27713,1975.874,329.5,331.48,329.61,331.57,329.5,331.48
1975,12,27743,1975.9562,330.77,331.58,330.85,331.65,330.77,331.58
1976,1,27774,1976.041,331.76,331.7,331.79,331.73,331.76,331.7
1976,2,27805,1976.1257,332.58,331.9,332.49,331.81,332.58,331.9
1976,3,27834,1976.2049,333.5,332.13,333.28,331.88,333.5,332.13
1976,4,27865,1976.2896,334.59,332.13,334.44,331.96,334.59,332.13
1976,5,27895,1976.3716,334.89,331.91,335.01,332.04,334.89,331.91
1976,6,27926,1976.4563,334.34,332.11,334.33,332.12,334.34,332.11
1976,7,27956,1976.5383,333.06,332.38,332.86,332.21,333.06,332.38
1976,8,27987,1976.623,330.95,332.33,330.89,332.3,330.95,332.33
1976,9,28018,1976.7077,329.31,332.39,329.32,332.41,329.31,332.39
1976,10,28048,1976.7896,328.95,332.11,329.37,332.52,328.95,332.11
1976,11,28079,1976.8743,330.32,332.3,330.68,332.65,330.32,332.3
1976,12,28109,1976.9563,331.69,332.51,331.99,332.79,331.69,332.51
1977,1,28140,1977.0411,332.94,332.88,333.01,332.95,332.94,332.88
1977,2,28171,1977.126,333.43,332.75,333.81,333.12,333.43,332.75
1977,3,28199,1977.2027,334.71,333.35,334.66,333.28,334.71,333.35
1977,4,28230,1977.2877,336.08,333.63,335.93,333.47,336.08,333.63
1977,5,28260,1977.3699,336.76,333.77,336.63,333.65,336.76,333.77
1977,6,28291,1977.4548,336.28,334.02,336.07,333.83,336.28,334.02
1977,7,28321,1977.537,334.93,334.22,334.68,334,334.93,334.22
1977,8,28352,1977.6219,332.76,334.13,332.77,334.17,332.76,334.13
1977,9,28383,1977.7068,331.6,334.68,331.23,334.32,331.6,334.68
1977,10,28413,1977.789,331.17,334.35,331.3,334.47,331.17,334.35
1977,11,28444,1977.874,332.41,334.41,332.64,334.61,332.41,334.41
1977,12,28474,1977.9562,333.86,334.67,333.95,334.75,333.86,334.67
1978,1,28505,1978.0411,334.98,334.93,334.95,334.89,334.98,334.93
1978,2,28536,1978.126,335.4,334.72,335.71,335.02,335.4,334.72
1978,3,28564,1978.2027,336.65,335.29,336.52,335.14,336.65,335.29
1978,4,28595,1978.2877,337.77,335.31,337.74,335.27,337.77,335.31
1978,5,28625,1978.3699,338.02,335.03,338.38,335.39,338.02,335.03
1978,6,28656,1978.4548,337.91,335.64,337.75,335.5,337.91,335.64
1978,7,28686,1978.537,336.55,335.84,336.29,335.61,336.55,335.84
1978,8,28717,1978.6219,334.69,336.06,334.31,335.71,334.69,336.06
1978,9,28748,1978.7068,332.77,335.86,332.71,335.81,332.77,335.86
1978,10,28778,1978.789,332.56,335.74,332.73,335.9,332.56,335.74
1978,11,28809,1978.874,333.93,335.93,334.02,336,333.93,335.93
1978,12,28839,1978.9562,334.96,335.78,335.3,336.1,334.96,335.78
1979,1,28870,1979.0411,336.24,336.18,336.27,336.21,336.24,336.18
1979,2,28901,1979.126,336.77,336.09,337.01,336.32,336.77,336.09
1979,3,28929,1979.2027,337.97,336.6,337.81,336.43,337.97,336.6
1979,4,28960,1979.2877,338.89,336.43,339.04,336.55,338.89,336.43
1979,5,28990,1979.3699,339.48,336.48,339.69,336.68,339.48,336.48
1979,6,29021,1979.4548,339.3,337.02,339.07,336.82,339.3,337.02
1979,7,29051,1979.537,337.74,337.03,337.64,336.95,337.74,337.03
1979,8,29082,1979.6219,336.1,337.47,335.69,337.09,336.1,337.47
1979,9,29113,1979.7068,333.93,337.02,334.13,337.24,333.93,337.02
1979,10,29143,1979.789,333.87,337.07,334.2,337.38,333.87,337.07
1979,11,29174,1979.874,335.3,337.31,335.55,337.54,335.3,337.31
1979,12,29204,1979.9562,336.74,337.56,336.89,337.7,336.74,337.56
1980,1,29235,1980.041,338.03,337.98,337.93,337.86,338.03,337.98
1980,2,29266,1980.1257,338.37,337.69,338.73,338.03,338.37,337.69
1980,3,29295,1980.2049,340.09,338.69,339.6,338.19,340.09,338.69
1980,4,29326,1980.2896,340.78,338.28,340.86,338.35,340.78,338.28
1980,5,29356,1980.3716,341.48,338.47,341.51,338.5,341.48,338.47
1980,6,29387,1980.4563,341.18,338.92,340.89,338.65,341.18,338.92
1980,7,29417,1980.5383,339.57,338.88,339.44,338.78,339.57,338.88
1980,8,29448,1980.623,337.61,339.01,337.48,338.92,337.61,339.01
1980,9,29479,1980.7077,335.9,339.01,335.91,339.04,335.9,339.01
1980,10,29509,1980.7896,336.03,339.23,335.96,339.15,336.03,339.23
1980,11,29540,1980.8743,337.12,339.13,337.27,339.26,337.12,339.13
1980,12,29570,1980.9563,338.23,339.06,338.55,339.36,338.23,339.06
1981,1,29601,1981.0411,339.25,339.2,339.53,339.47,339.25,339.2
1981,2,29632,1981.126,340.5,339.81,340.26,339.57,340.5,339.81
1981,3,29660,1981.2027,341.4,340.02,341.05,339.66,341.4,340.02
1981,4,29691,1981.2877,342.52,340.04,342.25,339.75,342.52,340.04
1981,5,29721,1981.3699,342.93,339.9,342.86,339.83,342.93,339.9
1981,6,29752,1981.4548,342.27,339.98,342.19,339.92,342.27,339.98
1981,7,29782,1981.537,340.5,339.79,340.69,340,340.5,339.79
1981,8,29813,1981.6219,338.45,339.83,338.68,340.09,338.45,339.83
1981,9,29844,1981.7068,336.71,339.83,337.06,340.19,336.71,339.83
1981,10,29874,1981.789,336.88,340.1,337.08,340.29,336.88,340.1
1981,11,29905,1981.874,338.38,340.4,338.4,340.4,338.38,340.4
1981,12,29935,1981.9562,339.63,340.46,339.69,340.5,339.63,340.46
1982,1,29966,1982.0411,340.77,340.72,340.68,340.61,340.77,340.72
1982,2,29997,1982.126,341.63,340.94,341.42,340.72,341.63,340.94
1982,3,30025,1982.2027,342.72,341.34,342.21,340.81,342.72,341.34
1982,4,30056,1982.2877,343.59,341.1,343.41,340.9,343.59,341.1
1982,5,30086,1982.3699,344.16,341.12,344.02,340.98,344.16,341.12
1982,6,30117,1982.4548,343.37,341.07,343.34,341.06,343.37,341.07
1982,7,30147,1982.537,342.07,341.35,341.83,341.14,342.07,341.35
1982,8,30178,1982.6219,339.83,341.21,339.8,341.22,339.83,341.21
1982,9,30209,1982.7068,338,341.12,338.16,341.31,338,341.12
1982,10,30239,1982.789,337.88,341.11,338.18,341.4,337.88,341.11
1982,11,30270,1982.874,339.28,341.31,339.51,341.52,339.28,341.31
1982,12,30300,1982.9562,340.51,341.34,340.83,341.65,340.51,341.34
1983,1,30331,1983.0411,341.4,341.34,341.87,341.8,341.4,341.34
1983,2,30362,1983.126,342.54,341.85,342.67,341.97,342.54,341.85
1983,3,30390,1983.2027,343.12,341.73,343.54,342.14,343.12,341.73
1983,4,30421,1983.2877,344.96,342.46,344.84,342.33,344.96,342.46
1983,5,30451,1983.3699,345.78,342.73,345.56,342.52,345.78,342.73
1983,6,30482,1983.4548,345.34,343.03,345,342.71,345.34,343.03
1983,7,30512,1983.537,344,343.28,343.58,342.89,344,343.28
1983,8,30543,1983.6219,342.4,343.79,341.64,343.06,342.4,343.79
1983,9,30574,1983.7068,339.89,343.02,340.08,343.23,339.89,343.02
1983,10,30604,1983.789,340.01,343.25,340.15,343.38,340.01,343.25
1983,11,30635,1983.874,341.16,343.19,341.52,343.53,341.16,343.19
1983,12,30665,1983.9562,342.99,343.82,342.86,343.68,342.99,343.82
1984,1,30696,1984.041,343.82,343.77,343.88,343.82,343.82,343.77
1984,2,30727,1984.1257,344.62,343.93,344.66,343.96,344.62,343.93
1984,3,30756,1984.2049,345.39,343.97,345.52,344.09,345.39,343.97
1984,4,30787,1984.2896,347.15,344.62,346.76,344.22,347.15,344.62
1984,5,30817,1984.3716,347.52,344.47,347.39,344.34,347.52,344.47
1984,6,30848,1984.4563,346.88,344.59,346.73,344.46,346.88,344.59
1984,7,30878,1984.5383,345.47,344.77,345.24,344.57,345.47,344.77
1984,8,30909,1984.623,343.34,344.76,343.23,344.69,343.34,344.76
1984,9,30940,1984.7077,341.13,344.29,341.63,344.8,341.13,344.29
1984,10,30970,1984.7896,341.4,344.64,341.68,344.92,341.4,344.64
1984,11,31001,1984.8743,343.02,345.06,343.02,345.04,343.02,345.06
1984,12,31031,1984.9563,344.25,345.08,344.34,345.16,344.25,345.08
1985,1,31062,1985.0411,344.99,344.94,345.35,345.28,344.99,344.94
1985,2,31093,1985.126,346.01,345.31,346.11,345.41,346.01,345.31
1985,3,31121,1985.2027,347.43,346.04,346.93,345.52,347.43,346.04
1985,4,31152,1985.2877,348.34,345.83,348.16,345.63,348.34,345.83
1985,5,31182,1985.3699,348.92,345.86,348.8,345.73,348.92,345.86
1985,6,31213,1985.4548,348.24,345.92,348.13,345.83,348.24,345.92
1985,7,31243,1985.537,346.54,345.81,346.61,345.92,346.54,345.81
1985,8,31274,1985.6219,344.64,346.04,344.57,346,344.64,346.04
1985,9,31305,1985.7068,343.06,346.21,342.92,346.09,343.06,346.21
1985,10,31335,1985.789,342.78,346.04,342.92,346.17,342.78,346.04
1985,11,31366,1985.874,344.21,346.26,344.23,346.26,344.21,346.26
1985,12,31396,1985.9562,345.53,346.37,345.53,346.35,345.53,346.37
1986,1,31427,1986.0411,346.28,346.22,346.52,346.45,346.28,346.22
1986,2,31458,1986.126,346.93,346.23,347.27,346.56,346.93,346.23
1986,3,31486,1986.2027,347.83,346.43,348.08,346.67,347.83,346.43
1986,4,31517,1986.2877,349.53,347.01,349.33,346.79,349.53,347.01
1986,5,31547,1986.3699,350.19,347.12,349.99,346.92,350.19,347.12
1986,6,31578,1986.4548,349.53,347.2,349.36,347.05,349.53,347.2
1986,7,31608,1986.537,347.92,347.19,347.87,347.17,347.92,347.19
1986,8,31639,1986.6219,345.88,347.28,345.87,347.3,345.88,347.28
1986,9,31670,1986.7068,344.83,348,344.25,347.43,344.83,348
1986,10,31700,1986.789,344.16,347.43,344.3,347.56,344.16,347.43
1986,11,31731,1986.874,345.64,347.69,345.66,347.69,345.64,347.69
1986,12,31761,1986.9562,346.88,347.72,347,347.82,346.88,347.72
1987,1,31792,1987.0411,348,347.95,348.03,347.96,348,347.95
1987,2,31823,1987.126,348.47,347.77,348.83,348.12,348.47,347.77
1987,3,31851,1987.2027,349.4,348,349.68,348.27,349.4,348
1987,4,31882,1987.2877,350.97,348.44,350.99,348.44,350.97,348.44
1987,5,31912,1987.3699,351.84,348.75,351.7,348.61,351.84,348.75
1987,6,31943,1987.4548,351.25,348.91,351.12,348.8,351.25,348.91
1987,7,31973,1987.537,349.5,348.76,349.69,348.99,349.5,348.76
1987,8,32004,1987.6219,348.09,349.49,347.74,349.18,348.09,349.49
1987,9,32035,1987.7068,346.44,349.61,346.18,349.38,346.44,349.61
1987,10,32065,1987.789,346.1,349.38,346.3,349.57,346.1,349.38
1987,11,32096,1987.874,347.54,349.6,347.73,349.77,347.54,349.6
1987,12,32126,1987.9562,348.69,349.54,349.14,349.97,348.69,349.54
1988,1,32157,1988.041,350.16,350.11,350.24,350.18,350.16,350.11
1988,2,32188,1988.1257,351.47,350.77,351.1,350.39,351.47,350.77
1988,3,32217,1988.2049,351.96,350.52,352.03,350.58,351.96,350.52
1988,4,32248,1988.2896,353.33,350.77,353.36,350.78,353.33,350.77
1988,5,32278,1988.3716,353.97,350.88,354.06,350.97,353.97,350.88
1988,6,32309,1988.4563,353.55,351.23,353.46,351.16,353.55,351.23
1988,7,32339,1988.5383,352.14,351.43,352,351.33,352.14,351.43
1988,8,32370,1988.623,350.19,351.63,350.02,351.5,350.19,351.63
1988,9,32401,1988.7077,348.5,351.69,348.44,351.66,348.5,351.69
1988,10,32431,1988.7896,348.66,351.95,348.52,351.8,348.66,351.95
1988,11,32462,1988.8743,349.85,351.91,349.89,351.93,349.85,351.91
1988,12,32492,1988.9563,351.12,351.97,351.23,352.05,351.12,351.97
1989,1,32523,1989.0411,352.55,352.49,352.24,352.17,352.55,352.49
1989,2,32554,1989.126,352.86,352.15,353,352.29,352.86,352.15
1989,3,32582,1989.2027,353.48,352.07,353.81,352.38,353.48,352.07
1989,4,32613,1989.2877,355.22,352.67,355.05,352.49,355.22,352.67
1989,5,32643,1989.3699,355.47,352.37,355.69,352.59,355.47,352.37
1989,6,32674,1989.4548,354.92,352.57,355.02,352.69,354.92,352.57
1989,7,32704,1989.537,353.7,352.96,353.5,352.79,353.7,352.96
1989,8,32735,1989.6219,351.47,352.88,351.44,352.89,351.47,352.88
1989,9,32766,1989.7068,349.61,352.8,349.77,352.99,349.61,352.8
1989,10,32796,1989.789,349.79,353.09,349.79,353.08,349.79,353.09
1989,11,32827,1989.874,351.09,353.17,351.13,353.18,351.09,353.17
1989,12,32857,1989.9562,352.32,353.17,352.45,353.28,352.32,353.17
1990,1,32888,1990.0411,353.46,353.41,353.45,353.38,353.46,353.41
1990,2,32919,1990.126,354.5,353.8,354.21,353.49,354.5,353.8
1990,3,32947,1990.2027,355.19,353.77,355.01,353.58,355.19,353.77
1990,4,32978,1990.2877,356,353.45,356.26,353.69,356,353.45
1990,5,33008,1990.3699,356.96,353.85,356.9,353.79,356.96,353.85
1990,6,33039,1990.4548,356.04,353.68,356.24,353.91,356.04,353.68
1990,7,33069,1990.537,354.62,353.88,354.73,354.03,354.62,353.88
1990,8,33100,1990.6219,352.71,354.13,352.7,354.16,352.71,354.13
1990,9,33131,1990.7068,350.77,353.98,351.07,354.3,350.77,353.98
1990,10,33161,1990.789,350.99,354.3,351.14,354.44,350.99,354.3
1990,11,33192,1990.874,352.64,354.72,352.53,354.59,352.64,354.72
1990,12,33222,1990.9562,354.02,354.87,353.9,354.73,354.02,354.87
1991,1,33253,1991.0411,354.53,354.47,354.95,354.88,354.53,354.47
1991,2,33284,1991.126,355.55,354.85,355.74,355.02,355.55,354.85
1991,3,33312,1991.2027,356.96,355.54,356.58,355.14,356.96,355.54
1991,4,33343,1991.2877,358.4,355.84,357.83,355.25,358.4,355.84
1991,5,33373,1991.3699,359.14,356.01,358.47,355.35,359.14,356.01
1991,6,33404,1991.4548,358.04,355.68,357.77,355.43,358.04,355.68
1991,7,33434,1991.537,355.98,355.23,356.2,355.49,355.98,355.23
1991,8,33465,1991.6219,353.81,355.24,354.09,355.55,353.81,355.24
1991,9,33496,1991.7068,351.95,355.17,352.37,355.61,351.95,355.17
1991,10,33526,1991.789,352.02,355.35,352.36,355.67,352.02,355.35
1991,11,33557,1991.874,353.55,355.64,353.67,355.73,353.55,355.64
1991,12,33587,1991.9562,354.79,355.64,354.96,355.8,354.79,355.64
1992,1,33618,1992.041,355.79,355.73,355.93,355.87,355.79,355.73
1992,2,33649,1992.1257,356.52,355.81,356.66,355.94,356.52,355.81
1992,3,33678,1992.2049,357.61,356.16,357.47,356,357.61,356.16
1992,4,33709,1992.2896,358.95,356.36,358.68,356.06,358.95,356.36
1992,5,33739,1992.3716,359.46,356.33,359.25,356.12,359.46,356.33
1992,6,33770,1992.4563,359.05,356.7,358.49,356.16,359.05,356.7
1992,7,33800,1992.5383,356.82,356.11,356.88,356.2,356.82,356.11
1992,8,33831,1992.623,354.8,356.26,354.74,356.23,354.8,356.26
1992,9,33862,1992.7077,352.81,356.04,353.01,356.26,352.81,356.04
1992,10,33892,1992.7896,353.11,356.44,352.98,356.29,353.11,356.44
1992,11,33923,1992.8743,353.96,356.05,354.27,356.33,353.96,356.05
1992,12,33953,1992.9563,355.2,356.06,355.54,356.37,355.2,356.06
1993,1,33984,1993.0411,356.5,356.45,356.49,356.43,356.5,356.45
1993,2,34015,1993.126,356.97,356.25,357.21,356.49,356.97,356.25
1993,3,34043,1993.2027,358.18,356.75,358,356.55,358.18,356.75
1993,4,34074,1993.2877,359.26,356.68,359.22,356.63,359.26,356.68
1993,5,34104,1993.3699,360.08,356.94,359.85,356.71,360.08,356.94
1993,6,34135,1993.4548,359.4,357.02,359.16,356.8,359.4,357.02
1993,7,34165,1993.537,357.38,356.63,357.62,356.9,357.38,356.63
1993,8,34196,1993.6219,355.33,356.76,355.54,357.01,355.33,356.76
1993,9,34227,1993.7068,353.5,356.74,353.89,357.14,353.5,356.74
1993,10,34257,1993.789,353.8,357.14,353.95,357.28,353.8,357.14
1993,11,34288,1993.874,355.15,357.25,355.36,357.43,355.15,357.25
1993,12,34318,1993.9562,356.62,357.48,356.75,357.59,356.62,357.48
1994,1,34349,1994.0411,358.19,358.13,357.83,357.76,358.19,358.13
1994,2,34380,1994.126,358.73,358.01,358.66,357.93,358.73,358.01
1994,3,34408,1994.2027,359.79,358.35,359.54,358.09,359.79,358.35
1994,4,34439,1994.2877,361.09,358.5,360.86,358.26,361.09,358.5
1994,5,34469,1994.3699,361.52,358.36,361.57,358.42,361.52,358.36
1994,6,34500,1994.4548,360.77,358.39,360.96,358.59,360.77,358.39
1994,7,34530,1994.537,359.38,358.63,359.47,358.75,359.38,358.63
1994,8,34561,1994.6219,357.31,358.75,357.45,358.93,357.31,358.75
1994,9,34592,1994.7068,355.68,358.93,355.84,359.11,355.68,358.93
1994,10,34622,1994.789,355.83,359.19,355.94,359.29,355.83,359.19
1994,11,34653,1994.874,357.42,359.53,357.39,359.47,357.42,359.53
1994,12,34683,1994.9562,358.87,359.74,358.81,359.65,358.87,359.74
1995,1,34714,1995.0411,359.81,359.75,359.9,359.84,359.81,359.75
1995,2,34745,1995.126,360.84,360.12,360.75,360.02,360.84,360.12
1995,3,34773,1995.2027,361.48,360.04,361.63,360.18,361.48,360.04
1995,4,34804,1995.2877,363.3,360.71,362.97,360.35,363.3,360.71
1995,5,34834,1995.3699,363.64,360.48,363.68,360.52,363.64,360.48
1995,6,34865,1995.4548,363.11,360.72,363.06,360.69,363.11,360.72
1995,7,34895,1995.537,361.75,360.99,361.57,360.85,361.75,360.99
1995,8,34926,1995.6219,359.31,360.75,359.53,361.01,359.31,360.75
1995,9,34957,1995.7068,357.91,361.17,357.9,361.17,357.91,361.17
1995,10,34987,1995.789,357.62,360.98,357.98,361.33,357.62,360.98
1995,11,35018,1995.874,359.42,361.54,359.4,361.49,359.42,361.54
1995,12,35048,1995.9562,360.56,361.42,360.8,361.65,360.56,361.42
1996,1,35079,1996.041,361.91,361.85,361.87,361.8,361.91,361.85
1996,2,35110,1996.1257,363.11,362.39,362.68,361.95,363.11,362.39
1996,3,35139,1996.2049,363.88,362.42,363.56,362.08,363.88,362.42
1996,4,35170,1996.2896,364.58,361.96,364.85,362.2,364.58,361.96
1996,5,35200,1996.3716,365.29,362.11,365.49,362.32,365.29,362.11
1996,6,35231,1996.4563,364.84,362.46,364.79,362.43,364.84,362.46
1996,7,35261,1996.5383,363.52,362.8,363.22,362.53,363.52,362.8
1996,8,35292,1996.623,361.35,362.82,361.11,362.62,361.35,362.82
1996,9,35323,1996.7077,359.32,362.6,359.42,362.71,359.32,362.6
1996,10,35353,1996.7896,359.48,362.85,359.43,362.79,359.48,362.85
1996,11,35384,1996.8743,360.64,362.75,360.78,362.87,360.64,362.75
1996,12,35414,1996.9563,362.21,363.07,362.1,362.95,362.21,363.07
1997,1,35445,1997.0411,363.06,363.01,363.1,363.03,363.06,363.01
1997,2,35476,1997.126,363.87,363.15,363.85,363.12,363.87,363.15
1997,3,35504,1997.2027,364.44,363,364.67,363.21,364.44,363
1997,4,35535,1997.2877,366.23,363.62,365.94,363.31,366.23,363.62
1997,5,35565,1997.3699,366.68,363.5,366.61,363.43,366.68,363.5
1997,6,35596,1997.4548,365.52,363.11,365.95,363.57,365.52,363.11
1997,7,35626,1997.537,364.36,363.6,364.44,363.72,364.36,363.6
1997,8,35657,1997.6219,362.39,363.84,362.41,363.89,362.39,363.84
1997,9,35688,1997.7068,360.08,363.35,360.8,364.1,360.08,363.35
1997,10,35718,1997.789,360.67,364.05,360.94,364.31,360.67,364.05
1997,11,35749,1997.874,362.32,364.45,362.45,364.56,362.32,364.45
1997,12,35779,1997.9562,364.17,365.04,363.95,364.81,364.17,365.04
1998,1,35810,1998.0411,365.22,365.16,365.15,365.08,365.22,365.16
1998,2,35841,1998.126,366.04,365.32,366.09,365.35,366.04,365.32
1998,3,35869,1998.2027,367.2,365.75,367.07,365.6,367.2,365.75
1998,4,35900,1998.2877,368.5,365.88,368.51,365.88,368.5,365.88
1998,5,35930,1998.3699,369.19,366,369.33,366.14,369.19,366
1998,6,35961,1998.4548,368.77,366.35,368.8,366.4,368.77,366.35
1998,7,35991,1998.537,367.53,366.77,367.37,366.65,367.53,366.77
1998,8,36022,1998.6219,365.67,367.13,365.39,366.88,365.67,367.13
1998,9,36053,1998.7068,363.8,367.09,363.8,367.1,363.8,367.09
1998,10,36083,1998.789,364.13,367.53,363.91,367.29,364.13,367.53
1998,11,36114,1998.874,365.36,367.49,365.36,367.47,365.36,367.49
1998,12,36144,1998.9562,366.87,367.74,366.76,367.62,366.87,367.74
1999,1,36175,1999.0411,368.05,368,367.82,367.75,368.05,368
1999,2,36206,1999.126,368.77,368.05,368.6,367.87,368.77,368.05
1999,3,36234,1999.2027,369.49,368.03,369.43,367.95,369.49,368.03
1999,4,36265,1999.2877,371.04,368.41,370.68,368.04,371.04,368.41
1999,5,36295,1999.3699,370.9,367.7,371.31,368.11,370.9,367.7
1999,6,36326,1999.4548,370.25,367.83,370.58,368.18,370.25,367.83
1999,7,36356,1999.537,369.17,368.41,368.97,368.24,369.17,368.41
1999,8,36387,1999.6219,366.83,368.29,366.82,368.32,366.83,368.29
1999,9,36418,1999.7068,364.54,367.84,365.08,368.39,364.54,367.84
1999,10,36448,1999.789,365.04,368.45,365.08,368.47,365.04,368.45
1999,11,36479,1999.874,366.58,368.72,366.44,368.56,366.58,368.72
1999,12,36509,1999.9562,367.92,368.79,367.78,368.64,367.92,368.79
2000,1,36540,2000.041,369.05,368.99,368.8,368.73,369.05,368.99
2000,2,36571,2000.1257,369.37,368.64,369.57,368.83,369.37,368.64
2000,3,36600,2000.2049,370.42,368.94,370.43,368.92,370.42,368.94
2000,4,36631,2000.2896,371.57,368.91,371.71,369.03,371.57,368.91
2000,5,36661,2000.3716,371.74,368.52,372.36,369.15,371.74,368.52
2000,6,36692,2000.4563,371.6,369.19,371.67,369.28,371.6,369.19
2000,7,36722,2000.5383,370.02,369.29,370.12,369.42,370.02,369.29
2000,8,36753,2000.623,368.03,369.52,368.03,369.56,368.03,369.52
2000,9,36784,2000.7077,366.53,369.85,366.37,369.71,366.53,369.85
2000,10,36814,2000.7896,366.64,370.05,366.45,369.85,366.64,370.05
2000,11,36845,2000.8743,368.2,370.35,367.87,369.99,368.2,370.35
2000,12,36875,2000.9563,369.44,370.31,369.26,370.12,369.44,370.31
2001,1,36906,2001.0411,370.2,370.14,370.32,370.25,370.2,370.14
2001,2,36937,2001.126,371.41,370.68,371.11,370.37,371.41,370.68
2001,3,36965,2001.2027,372.04,370.57,371.96,370.48,372.04,370.57
2001,4,36996,2001.2877,372.78,370.14,373.26,370.6,372.78,370.14
2001,5,37026,2001.3699,373.94,370.72,373.94,370.72,373.94,370.72
2001,6,37057,2001.4548,373.23,370.79,373.27,370.85,373.23,370.79
2001,7,37087,2001.537,371.54,370.77,371.71,370.98,371.54,370.77
2001,8,37118,2001.6219,369.47,370.94,369.62,371.13,369.47,370.94
2001,9,37149,2001.7068,367.88,371.2,367.94,371.28,367.88,371.2
2001,10,37179,2001.789,368.01,371.44,368.02,371.43,368.01,371.44
2001,11,37210,2001.874,369.6,371.75,369.47,371.6,369.6,371.75
2001,12,37240,2001.9562,371.16,372.04,370.9,371.76,371.16,372.04
2002,1,37271,2002.0411,372.36,372.3,372,371.93,372.36,372.3
2002,2,37302,2002.126,373,372.27,372.85,372.1,373,372.27
2002,3,37330,2002.2027,373.44,371.97,373.75,372.26,373.44,371.97
2002,4,37361,2002.2877,374.77,372.12,375.12,372.45,374.77,372.12
2002,5,37391,2002.3699,375.48,372.25,375.88,372.65,375.48,372.25
2002,6,37422,2002.4548,375.33,372.89,375.28,372.86,375.33,372.89
2002,7,37452,2002.537,373.95,373.18,373.81,373.07,373.95,373.18
2002,8,37483,2002.6219,371.41,372.88,371.79,373.3,371.41,372.88
2002,9,37514,2002.7068,370.63,373.96,370.19,373.53,370.63,373.96
2002,10,37544,2002.789,370.18,373.62,370.33,373.76,370.18,373.62
2002,11,37575,2002.874,372.01,374.17,371.86,373.99,372.01,374.17
2002,12,37605,2002.9562,373.71,374.6,373.35,374.22,373.71,374.6
2003,1,37636,2003.0411,374.61,374.56,374.51,374.44,374.61,374.56
2003,2,37667,2003.126,375.55,374.81,375.41,374.66,375.55,374.81
2003,3,37695,2003.2027,376.04,374.56,376.35,374.85,376.04,374.56
2003,4,37726,2003.2877,377.58,374.92,377.74,375.07,377.58,374.92
2003,5,37756,2003.3699,378.28,375.04,378.51,375.27,378.28,375.04
2003,6,37787,2003.4548,378.07,375.61,377.91,375.47,378.07,375.61
2003,7,37817,2003.537,376.55,375.77,376.41,375.67,376.55,375.77
2003,8,37848,2003.6219,374.42,375.9,374.34,375.86,374.42,375.9
2003,9,37879,2003.7068,372.92,376.26,372.68,376.04,372.92,376.26
2003,10,37909,2003.789,372.94,376.39,372.77,376.21,372.94,376.39
2003,11,37940,2003.874,374.29,376.45,374.22,376.37,374.29,376.45
2003,12,37970,2003.9562,375.63,376.51,375.64,376.51,375.63,376.51
2004,1,38001,2004.041,376.73,376.67,376.72,376.65,376.73,376.67
2004,2,38032,2004.1257,377.31,376.57,377.53,376.78,377.31,376.57
2004,3,38061,2004.2049,378.33,376.83,378.43,376.9,378.33,376.83
2004,4,38092,2004.2896,380.44,377.75,379.74,377.02,380.44,377.75
2004,5,38122,2004.3716,380.56,377.31,380.39,377.14,380.56,377.31
2004,6,38153,2004.4563,379.49,377.05,379.67,377.26,379.49,377.05
2004,7,38183,2004.5383,377.71,376.96,378.09,377.38,377.71,376.96
2004,8,38214,2004.623,375.77,377.29,375.97,377.52,375.77,377.29
2004,9,38245,2004.7077,373.99,377.35,374.29,377.67,373.99,377.35
2004,10,38275,2004.7896,374.17,377.63,374.39,377.83,374.17,377.63
2004,11,38306,2004.8743,375.79,377.96,375.87,378.02,375.79,377.96
2004,12,38336,2004.9563,377.39,378.28,377.33,378.2,377.39,378.28
2005,1,38367,2005.0411,378.29,378.23,378.48,378.41,378.29,378.23
2005,2,38398,2005.126,379.56,378.82,379.37,378.62,379.56,378.82
2005,3,38426,2005.2027,380.06,378.57,380.32,378.82,380.06,378.57
2005,4,38457,2005.2877,382.02,379.34,381.74,379.04,382.02,379.34
2005,5,38487,2005.3699,382.21,378.95,382.52,379.26,382.21,378.95
2005,6,38518,2005.4548,382.05,379.58,381.93,379.48,382.05,379.58
2005,7,38548,2005.537,380.63,379.86,380.43,379.69,380.63,379.86
2005,8,38579,2005.6219,378.64,380.12,378.38,379.91,378.64,380.12
2005,9,38610,2005.7068,376.38,379.74,376.74,380.12,376.38,379.74
2005,10,38640,2005.789,376.77,380.24,376.86,380.32,376.77,380.24
2005,11,38671,2005.874,378.27,380.45,378.36,380.52,378.27,380.45
2005,12,38701,2005.9562,379.92,380.82,379.83,380.7,379.92,380.82
2006,1,38732,2006.0411,381.33,381.28,380.95,380.88,381.33,381.28
2006,2,38763,2006.126,381.98,381.24,381.81,381.06,381.98,381.24
2006,3,38791,2006.2027,382.53,381.04,382.71,381.2,382.53,381.04
2006,4,38822,2006.2877,384.33,381.65,384.06,381.36,384.33,381.65
2006,5,38852,2006.3699,384.89,381.62,384.78,381.51,384.89,381.62
2006,6,38883,2006.4548,383.99,381.52,384.11,381.65,383.99,381.52
2006,7,38913,2006.537,382.25,381.47,382.54,381.8,382.25,381.47
2006,8,38944,2006.6219,380.44,381.93,380.42,381.94,380.44,381.93
2006,9,38975,2006.7068,378.77,382.14,378.71,382.09,378.77,382.14
2006,10,39005,2006.789,379.03,382.51,378.77,382.24,379.03,382.51
2006,11,39036,2006.874,380.11,382.3,380.23,382.39,380.11,382.3
2006,12,39066,2006.9562,381.63,382.52,381.66,382.54,381.63,382.52
2007,1,39097,2007.0411,382.55,382.49,382.76,382.69,382.55,382.49
2007,2,39128,2007.126,383.68,382.94,383.6,382.84,383.68,382.94
2007,3,39156,2007.2027,384.31,382.81,384.49,382.99,384.31,382.81
2007,4,39187,2007.2877,386.2,383.51,385.85,383.15,386.2,383.51
2007,5,39217,2007.3699,386.38,383.1,386.58,383.3,386.38,383.1
2007,6,39248,2007.4548,385.84,383.36,385.93,383.46,385.84,383.36
2007,7,39278,2007.537,384.42,383.64,384.37,383.62,384.42,383.64
2007,8,39309,2007.6219,381.81,383.31,382.25,383.79,381.81,383.31
2007,9,39340,2007.7068,380.83,384.21,380.55,383.95,380.83,384.21
2007,10,39370,2007.789,380.83,384.32,380.63,384.11,380.83,384.32
2007,11,39401,2007.874,382.32,384.52,382.09,384.26,382.32,384.52
2007,12,39431,2007.9562,383.58,384.48,383.53,384.41,383.58,384.48
2008,1,39462,2008.041,385.04,384.98,384.63,384.56,385.04,384.98
2008,2,39493,2008.1257,385.81,385.07,385.46,384.7,385.81,385.07
2008,3,39522,2008.2049,385.8,384.28,386.38,384.84,385.8,384.28
2008,4,39553,2008.2896,386.74,384.01,387.74,384.99,386.74,384.01
2008,5,39583,2008.3716,388.49,385.19,388.44,385.15,388.49,385.19
2008,6,39614,2008.4563,388.02,385.56,387.77,385.32,388.02,385.56
2008,7,39644,2008.5383,386.22,385.47,386.2,385.49,386.22,385.47
2008,8,39675,2008.623,384.05,385.58,384.09,385.66,384.05,385.58
2008,9,39706,2008.7077,383.05,386.45,382.41,385.82,383.05,386.45
2008,10,39736,2008.7896,382.75,386.24,382.5,385.98,382.75,386.24
2008,11,39767,2008.8743,383.98,386.18,383.97,386.14,383.98,386.18
2008,12,39797,2008.9563,385.08,385.98,385.41,386.29,385.08,385.98
2009,1,39828,2009.0411,386.63,386.57,386.52,386.44,386.63,386.57
2009,2,39859,2009.126,387.1,386.35,387.36,386.6,387.1,386.35
2009,3,39887,2009.2027,388.5,387,388.27,386.75,388.5,387
2009,4,39918,2009.2877,389.54,386.84,389.64,386.92,389.54,386.84
2009,5,39948,2009.3699,390.15,386.85,390.39,387.09,390.15,386.85
2009,6,39979,2009.4548,389.6,387.1,389.75,387.27,389.6,387.1
2009,7,40009,2009.537,388.05,387.26,388.21,387.46,388.05,387.26
2009,8,40040,2009.6219,386.06,387.57,386.12,387.66,386.06,387.57
2009,9,40071,2009.7068,384.64,388.04,384.46,387.88,384.64,388.04
2009,10,40101,2009.789,384.32,387.84,384.59,388.09,384.32,387.84
2009,11,40132,2009.874,386.05,388.25,386.13,388.31,386.05,388.25
2009,12,40162,2009.9562,387.48,388.39,387.65,388.54,387.48,388.39
2010,1,40193,2010.0411,388.55,388.49,388.84,388.77,388.55,388.49
2010,2,40224,2010.126,390.08,389.33,389.76,388.99,390.08,389.33
2010,3,40252,2010.2027,391.02,389.52,390.71,389.19,391.02,389.52
2010,4,40283,2010.2877,392.39,389.67,392.13,389.4,392.39,389.67
2010,5,40313,2010.3699,393.24,389.93,392.9,389.59,393.24,389.93
2010,6,40344,2010.4548,392.26,389.75,392.27,389.78,392.26,389.75
2010,7,40374,2010.537,390.35,389.56,390.71,389.96,390.35,389.56
2010,8,40405,2010.6219,388.53,390.04,388.58,390.13,388.53,390.04
2010,9,40436,2010.7068,386.85,390.26,386.87,390.3,386.85,390.26
2010,10,40466,2010.789,387.18,390.7,386.94,390.45,387.18,390.7
2010,11,40497,2010.874,388.69,390.91,388.42,390.61,388.69,390.91
2010,12,40527,2010.9562,389.83,390.74,389.86,390.74,389.83,390.74
2011,1,40558,2011.0411,391.33,391.27,390.95,390.88,391.33,391.27
2011,2,40589,2011.126,391.96,391.21,391.78,391.01,391.96,391.21
2011,3,40617,2011.2027,392.49,390.98,392.66,391.13,392.49,390.98
2011,4,40648,2011.2877,393.41,390.68,394.01,391.27,393.41,390.68
2011,5,40678,2011.3699,394.33,391.01,394.74,391.42,394.33,391.01
2011,6,40709,2011.4548,393.75,391.23,394.07,391.58,393.75,391.23
2011,7,40739,2011.537,392.64,391.85,392.5,391.74,392.64,391.85
2011,8,40770,2011.6219,390.25,391.76,390.37,391.92,390.25,391.76
2011,9,40801,2011.7068,389.05,392.47,388.67,392.1,389.05,392.47
2011,10,40831,2011.789,388.98,392.51,388.76,392.28,388.98,392.51
2011,11,40862,2011.874,390.3,392.52,390.27,392.47,390.3,392.52
2011,12,40892,2011.9562,391.86,392.77,391.76,392.65,391.86,392.77
2012,1,40923,2012.041,393.13,393.07,392.91,392.84,393.13,393.07
2012,2,40954,2012.1257,393.42,392.66,393.79,393.03,393.42,392.66
2012,3,40983,2012.2049,394.43,392.89,394.77,393.21,394.43,392.89
2012,4,41014,2012.2896,396.51,393.75,396.19,393.42,396.51,393.75
2012,5,41044,2012.3716,396.96,393.63,396.95,393.62,396.96,393.63
2012,6,41075,2012.4563,395.97,393.47,396.32,393.84,395.97,393.47
2012,7,41105,2012.5383,394.6,393.84,394.79,394.06,394.6,393.84
2012,8,41136,2012.623,392.61,394.16,392.71,394.3,392.61,394.16
2012,9,41167,2012.7077,391.2,394.64,391.08,394.54,391.2,394.64
2012,10,41197,2012.7896,391.09,394.63,391.25,394.78,391.09,394.63
2012,11,41228,2012.8743,393.03,395.25,392.83,395.02,393.03,395.25
2012,12,41258,2012.9563,394.42,395.33,394.36,395.25,394.42,395.33
2013,1,41289,2013.0411,395.69,395.63,395.56,395.49,395.69,395.63
2013,2,41320,2013.126,396.94,396.18,396.48,395.71,396.94,396.18
2013,3,41348,2013.2027,397.35,395.83,397.45,395.91,397.35,395.83
2013,4,41379,2013.2877,398.44,395.7,398.88,396.13,398.44,395.7
2013,5,41409,2013.3699,400.06,396.72,399.67,396.33,400.06,396.72
2013,6,41440,2013.4548,398.95,396.43,399.04,396.53,398.95,396.43
2013,7,41470,2013.537,397.46,396.66,397.48,396.72,397.46,396.66
2013,8,41501,2013.6219,395.49,397.01,395.35,396.92,395.49,397.01
2013,9,41532,2013.7068,393.47,396.91,393.65,397.11,393.47,396.91
2013,10,41562,2013.789,393.77,397.33,393.74,397.29,393.77,397.33
2013,11,41593,2013.874,395.27,397.51,395.26,397.47,395.27,397.51
2013,12,41623,2013.9562,396.9,397.81,396.74,397.64,396.9,397.81
2014,1,41654,2014.0411,398.01,397.95,397.88,397.81,398.01,397.95
2014,2,41685,2014.126,398.18,397.42,398.75,397.98,398.18,397.42
2014,3,41713,2014.2027,399.56,398.04,399.68,398.13,399.56,398.04
2014,4,41744,2014.2877,401.44,398.69,401.07,398.3,401.44,398.69
2014,5,41774,2014.3699,401.99,398.63,401.81,398.46,401.99,398.63
2014,6,41805,2014.4548,401.41,398.88,401.14,398.62,401.41,398.88
2014,7,41835,2014.537,399.17,398.37,399.54,398.78,399.17,398.37
2014,8,41866,2014.6219,397.3,398.83,397.37,398.94,397.3,398.83
2014,9,41897,2014.7068,395.49,398.94,395.63,399.1,395.49,398.94
2014,10,41927,2014.789,395.74,399.3,395.71,399.26,395.74,399.3
2014,11,41958,2014.874,397.32,399.56,397.21,399.43,397.32,399.56
2014,12,41988,2014.9562,398.88,399.8,398.7,399.59,398.88,399.8
2015,1,42019,2015.0411,399.94,399.88,399.84,399.77,399.94,399.88
2015,2,42050,2015.126,400.39,399.63,400.72,399.94,400.39,399.63
2015,3,42078,2015.2027,401.6,400.07,401.65,400.11,401.6,400.07
2015,4,42109,2015.2877,403.53,400.77,403.08,400.3,403.53,400.77
2015,5,42139,2015.3699,404.04,400.67,403.86,400.5,404.04,400.67
2015,6,42170,2015.4548,402.81,400.26,403.24,400.72,402.81,400.26
2015,7,42200,2015.537,401.54,400.74,401.72,400.95,401.54,400.74
2015,8,42231,2015.6219,398.93,400.46,399.65,401.22,398.93,400.46
2015,9,42262,2015.7068,397.43,400.89,398.03,401.5,397.43,400.89
2015,10,42292,2015.789,398.22,401.79,398.24,401.8,398.22,401.79
2015,11,42323,2015.874,400.17,402.42,399.89,402.11,400.17,402.42
2015,12,42353,2015.9562,401.82,402.74,401.52,402.42,401.82,402.74
2016,1,42384,2016.041,402.58,402.52,402.81,402.74,402.58,402.52
2016,2,42415,2016.1257,404.09,403.33,403.82,403.04,404.09,403.33
2016,3,42444,2016.2049,404.79,403.23,404.9,403.32,404.79,403.23
2016,4,42475,2016.2896,407.5,404.71,406.41,403.6,407.5,404.71
2016,5,42505,2016.3716,407.59,404.22,407.22,403.85,407.59,404.22
2016,6,42536,2016.4563,406.94,404.41,406.6,404.09,406.94,404.41
2016,7,42566,2016.5383,404.43,403.66,405.05,404.31,404.43,403.66
2016,8,42597,2016.623,402.17,403.73,402.93,404.54,402.17,403.73
2016,9,42628,2016.7077,400.95,404.43,401.26,404.76,400.95,404.43
2016,10,42658,2016.7896,401.43,405.01,401.4,404.97,401.43,405.01
2016,11,42689,2016.8743,403.57,405.82,402.96,405.18,403.57,405.82
2016,12,42719,2016.9563,404.48,405.4,404.47,405.37,404.48,405.4
2017,1,42750,2017.0411,406,405.94,405.64,405.56,406,405.94
2017,2,42781,2017.126,406.57,405.81,406.52,405.75,406.57,405.81
2017,3,42809,2017.2027,406.99,405.45,407.46,405.9,406.99,405.45
2017,4,42840,2017.2877,408.88,406.11,408.86,406.07,408.88,406.11
2017,5,42870,2017.3699,409.84,406.46,409.61,406.23,409.84,406.46
2017,6,42901,2017.4548,409.05,406.49,408.93,406.39,409.05,406.49
2017,7,42931,2017.537,407.13,406.33,407.32,406.55,407.13,406.33
2017,8,42962,2017.6219,405.17,406.71,405.13,406.71,405.17,406.71
2017,9,42993,2017.7068,403.2,406.68,403.36,406.86,403.2,406.68
2017,10,43023,2017.789,403.57,407.17,403.43,407.02,403.57,407.17
2017,11,43054,2017.874,405.1,407.36,404.94,407.17,405.1,407.36
2017,12,43084,2017.9562,406.68,407.61,406.41,407.32,406.68,407.61
2018,1,43115,2018.0411,407.98,407.92,407.55,407.47,407.98,407.92
2018,2,43146,2018.126,408.36,407.59,408.41,407.63,408.36,407.59
2018,3,43174,2018.2027,409.21,407.67,409.34,407.78,409.21,407.67
2018,4,43205,2018.2877,410.24,407.45,410.76,407.96,410.24,407.45
2018,5,43235,2018.3699,411.23,407.84,411.54,408.15,411.23,407.84
2018,6,43266,2018.4548,410.81,408.25,410.92,408.37,410.81,408.25
2018,7,43296,2018.537,408.83,408.02,409.37,408.6,408.83,408.02
2018,8,43327,2018.6219,407.02,408.57,407.27,408.86,407.02,408.57
2018,9,43358,2018.7068,405.52,409.01,405.62,409.13,405.52,409.01
2018,10,43388,2018.789,405.93,409.53,405.8,409.39,405.93,409.53
2018,11,43419,2018.874,408.04,410.31,407.42,409.67,408.04,410.31
2018,12,43449,2018.9562,409.17,410.09,409.01,409.92,409.17,410.09
2019,1,43480,2019.0411,410.85,410.79,410.25,410.18,410.85,410.79
2019,2,43511,2019.126,411.59,410.82,411.21,410.42,411.59,410.82
2019,3,43539,2019.2027,411.91,410.36,412.2,410.63,411.91,410.36
2019,4,43570,2019.2877,413.46,410.67,413.67,410.86,413.46,410.67
2019,5,43600,2019.3699,414.76,411.36,414.48,411.08,414.76,411.36
2019,6,43631,2019.4548,413.89,411.32,413.85,411.3,413.89,411.32
2019,7,43661,2019.537,411.78,410.97,412.29,411.52,411.78,410.97
2019,8,43692,2019.6219,410.01,411.56,410.15,411.74,410.01,411.56
2019,9,43723,2019.7068,408.48,411.98,408.44,411.96,408.48,411.98
2019,10,43753,2019.789,408.4,412.01,408.58,412.18,408.4,412.01
2019,11,43784,2019.874,410.16,412.44,410.16,412.4,410.16,412.44
2019,12,43814,2019.9562,411.81,412.74,411.71,412.62,411.81,412.74
2020,1,43845,2020.041,413.3,413.24,412.9,412.83,413.3,413.24
2020,2,43876,2020.1257,414.05,413.27,413.82,413.04,414.05,413.27
2020,3,43905,2020.2049,414.45,412.87,414.83,413.23,414.45,412.87
2020,4,43936,2020.2896,416.11,413.29,416.27,413.43,416.11,413.29
2020,5,43966,2020.3716,417.15,413.75,417.03,413.63,417.15,413.75
2020,6,43997,2020.4563,416.29,413.73,416.36,413.83,416.29,413.73
2020,7,44027,2020.5383,414.42,413.64,414.76,414.02,414.42,413.64
2020,8,44058,2020.623,412.52,414.1,412.59,414.22,412.52,414.1
2020,9,44089,2020.7077,411.18,414.7,410.87,414.41,411.18,414.7
2020,10,44119,2020.7896,411.12,414.74,410.99,414.6,411.12,414.74
2020,11,44150,2020.8743,412.88,415.16,412.53,414.78,412.88,415.16
2020,12,44180,2020.9563,413.89,414.82,414.04,414.95,413.89,414.82
2021,1,44211,2021.0411,415.15,415.09,415.2,415.13,415.15,415.09
2021,2,44242,2021.126,416.47,415.7,416.08,415.29,416.47,415.7
2021,3,44270,2021.2027,417.16,415.61,417.02,415.45,417.16,415.61
2021,4,44301,2021.2877,418.24,415.44,418.44,415.62,418.24,415.44
2021,5,44331,2021.3699,418.95,415.53,419.21,415.79,418.95,415.53
2021,6,44362,2021.4548,418.7,416.11,418.55,415.98,418.7,416.11
2021,7,44392,2021.537,416.65,415.83,416.96,416.18,416.65,415.83
2021,8,44423,2021.6219,414.34,415.9,414.8,416.4,414.34,415.9
2021,9,44454,2021.7068,412.9,416.43,413.1,416.64,412.9,416.43
2021,10,44484,2021.789,413.54,417.18,413.25,416.88,413.54,417.18
2021,11,44515,2021.874,414.81,417.1,414.88,417.14,414.81,417.1
2021,12,44545,2021.9562,416.43,417.37,416.48,417.4,416.43,417.37
2022,1,44576,2022.0411,418.01,417.95,417.74,417.67,418.01,417.95
2022,2,44607,2022.126,-99.99,-99.99,-99.99,-99.99,-99.99,-99.99
2022,3,44635,2022.2027,-99.99,-99.99,-99.99,-99.99,-99.99,-99.99
2022,4,44666,2022.2877,-99.99,-99.99,-99.99,-99.99,-99.99,-99.99
2022,5,44696,2022.3699,-99.99,-99.99,-99.99,-99.99,-99.99,-99.99
2022,6,44727,2022.4548,-99.99,-99.99,-99.99,-99.99,-99.99,-99.99
2022,7,44757,2022.537,-99.99,-99.99,-99.99,-99.99,-99.99,-99.99
2022,8,44788,2022.6219,-99.99,-99.99,-99.99,-99.99,-99.99,-99.99
2022,9,44819,2022.7068,-99.99,-99.99,-99.99,-99.99,-99.99,-99.99
2022,10,44849,2022.789,-99.99,-99.99,-99.99,-99.99,-99.99,-99.99
2022,11,44880,2022.874,-99.99,-99.99,-99.99,-99.99,-99.99,-99.99
2022,12,44910,2022.9562,-99.99,-99.99,-99.99,-99.99,-99.99,-99.99
